row_number,code,code_corrupted,code_raw_repr,parent_code,depth,work_name,categories
4,10.,False,,,1,Подготовка территории,Жильё;Образование;Здравоохранение;Спорт;Культура;Административные здания;ДОУ;Офисно-деловой центр;Дороги
5,,True,"datetime.datetime(2025, 1, 10, 0, 0)",10.,2,Отселение домов в пятне застройки,Жильё;Образование;Здравоохранение;Спорт;Культура;Административные здания;ДОУ;Офисно-деловой центр;Дороги
6,,True,"datetime.datetime(2025, 2, 10, 0, 0)",10.,2,Вынос инженерных систем из пятна застройки (ЦТП/ТП/сети),Жильё;Образование;Здравоохранение;Спорт;Культура;Административные здания;ДОУ;Офисно-деловой центр;Дороги
7,,False,,10.,2,Вынос сетей: теплосеть (ЦТП),Жильё;Образование;Здравоохранение;Спорт;Культура;Административные здания;ДОУ;Офисно-деловой центр;Дороги
8,,False,,10.,2,Вынос сетей: теплосеть (сети),Жильё;Образование;Здравоохранение;Спорт;Культура;Административные здания;ДОУ;Офисно-деловой центр;Дороги
9,,False,,10.,2,Вынос сетей: теплосеть,Жильё;Образование;Здравоохранение;Спорт;Культура;Административные здания;ДОУ;Офисно-деловой центр;Дороги
10,,False,,10.,2,Вынос сетей: водоснабжение,Жильё;Образование;Здравоохранение;Спорт;Культура;Административные здания;ДОУ;Офисно-деловой центр;Дороги
11,,False,,10.,2,Вынос сетей: Х/Б канализация,Жильё;Образование;Здравоохранение;Спорт;Культура;Административные здания;ДОУ;Офисно-деловой центр;Дороги
12,,False,,10.,2,Вынос сетей: ливневая канализация,Жильё;Образование;Здравоохранение;Спорт;Культура;Административные здания;ДОУ;Офисно-деловой центр;Дороги
13,,False,,10.,2,Вынос сетей: газоснабжение,Жильё;Образование;Здравоохранение;Спорт;Культура;Административные здания;ДОУ;Офисно-деловой центр;Дороги
14,,False,,10.,2,Вынос сетей: электроснабжение (ТП),Жильё;Образование;Здравоохранение;Спорт;Культура;Административные здания;ДОУ;Офисно-деловой центр;Дороги
15,,False,,10.,2,Вынос сетей: электроснабжение (сети),Жильё;Образование;Здравоохранение;Спорт;Культура;Административные здания;ДОУ;Офисно-деловой центр;Дороги
16,,False,,10.,2,Вынос сетей: электроснабжение,Жильё;Образование;Здравоохранение;Спорт;Культура;Административные здания;ДОУ;Офисно-деловой центр;Дороги
17,,False,,10.,2,Вынос сетей: сети связи (КП МПТЦ),Жильё;Образование;Здравоохранение;Спорт;Культура;Административные здания;ДОУ;Офисно-деловой центр;Дороги
18,,False,,10.,2,Вынос сетей: сети связи,Жильё;Образование;Здравоохранение;Спорт;Культура;Административные здания;ДОУ;Офисно-деловой центр;Дороги
19,,True,"datetime.datetime(2025, 3, 10, 0, 0)",10.,2,Снос домов в пятне застройки,Жильё;Образование;Здравоохранение;Спорт;Культура;Административные здания;ДОУ;Офисно-деловой центр;Дороги
20,,True,"datetime.datetime(2025, 4, 10, 0, 0)",10.,2,Снос нежилых объектов в пятне застройки,Жильё;Образование;Здравоохранение;Спорт;Культура;Административные здания;ДОУ;Офисно-деловой центр;Дороги
21,,True,"datetime.datetime(2025, 5, 10, 0, 0)",10.,2,Вырубка зеленых насаждений,Жильё;Образование;Здравоохранение;Спорт;Культура;Административные здания;ДОУ;Офисно-деловой центр;Дороги
22,,True,"datetime.datetime(2025, 6, 10, 0, 0)",10.,2,Пересадка зеленых насождений,Жильё;Образование;Здравоохранение;Спорт;Культура;Административные здания;ДОУ;Офисно-деловой центр;Дороги
23,,True,"datetime.datetime(2025, 7, 10, 0, 0)",10.,2,Проверка посадки здания,Жильё;Образование;Здравоохранение;Спорт;Культура;Административные здания;ДОУ;Офисно-деловой центр;Дороги
24,,True,"datetime.datetime(2025, 8, 10, 0, 0)",10.,2,Демонтаж ж/б перекрытий,Жильё;Образование;Здравоохранение;Спорт;Культура;Административные здания;ДОУ;Офисно-деловой центр;Дороги
25,,True,"datetime.datetime(2025, 9, 10, 0, 0)",10.,2,Погрузка строительного мусора,Жильё;Образование;Здравоохранение;Спорт;Культура;Административные здания;ДОУ;Офисно-деловой центр;Дороги
26,,True,"datetime.datetime(2025, 10, 10, 0, 0)",10.,2,Устройство геодезических знаков,Жильё;Образование;Здравоохранение;Спорт;Культура;Административные здания;ДОУ;Офисно-деловой центр;Дороги
27,,True,"datetime.datetime(2025, 11, 10, 0, 0)",10.,2,Обустройство строительной площадки,Жильё;Образование;Здравоохранение;Спорт;Культура;Административные здания;ДОУ;Офисно-деловой центр;Дороги
28,10.11.1.,False,,,3,Устройство ограждения строительной площадки,Дороги
29,10.11.2.,False,,,3,Устройство временных инженерных сетей,Дороги
30,10.11.3.,False,,,3,Устройство временных внутриплощадочных и подъездных дорог,Дороги
31,10.11.4.,False,,,3,Возведение хозяйственно-бытового городка,Дороги
32,,True,"datetime.datetime(2025, 12, 10, 0, 0)",10.11.4.,4,Организация движения согласно ПОДД на период строительства,Жильё;Образование;Здравоохранение;Спорт;Культура;Административные здания;ДОУ;Офисно-деловой центр;Дороги
33,10.13.,False,,,2,Оснащение стройплощадки оборудованием по 299-ПП,Жильё;Образование;Здравоохранение;Спорт;Культура;Административные здания;ДОУ;Офисно-деловой центр;Дороги
34,10.13.1.,False,,,3,Видеокамеры для обзора территории стройплощадки (тип 1),Жильё;Образование;Здравоохранение;Спорт;Культура;Административные здания;ДОУ;Офисно-деловой центр;Дороги
35,10.13.2.,False,,,3,Видеокамеры для установки на КПП в зоне входа/выхода на стройплощадку (тип 2),Жильё;Образование;Здравоохранение;Спорт;Культура;Административные здания;ДОУ;Офисно-деловой центр;Дороги
36,10.13.3.,False,,,3,Видеокамеры для обзора зоны въезда/выезда на стройплощадку с распознаванием гос. номера ТС (тип 3),Жильё;Образование;Здравоохранение;Спорт;Культура;Административные здания;ДОУ;Офисно-деловой центр;Дороги
37,10.13.4.,False,,,3,Установка датчиков шума (тип 4) (при необходимости),Жильё;Образование;Здравоохранение;Спорт;Культура;Административные здания;ДОУ;Офисно-деловой центр;Дороги
38,10.14.,False,,,2,Оснащение стройплощадки системой СКУД с Face ID,Жильё;Образование;Здравоохранение;Спорт;Культура;Административные здания;ДОУ;Офисно-деловой центр;Дороги
39,10.14.1.,False,,,3,Закупка оборудования,Жильё;Образование;Здравоохранение;Спорт;Культура;Административные здания;ДОУ;Офисно-деловой центр;Дороги
40,10.14.2.,False,,,3,Установка оборудования СКУД с FaceID,Жильё;Образование;Здравоохранение;Спорт;Культура;Административные здания;ДОУ;Офисно-деловой центр;Дороги
41,10.14.3.,False,,,3,Интеграция с ЕЦХД,Жильё;Образование;Здравоохранение;Спорт;Культура;Административные здания;ДОУ;Офисно-деловой центр;Дороги
42,10.14.4.,False,,,3,Проведение работ по интеграционному тестированию,Жильё;Образование;Здравоохранение;Спорт;Культура;Административные здания;ДОУ;Офисно-деловой центр;Дороги
43,,True,12,10.14.4.,4,Выполнение строительно-монтажных работ,Жильё;Образование;Здравоохранение;Спорт;Культура;Административные здания;ДОУ;Офисно-деловой центр;Дороги
44,,True,"datetime.datetime(2025, 1, 12, 0, 0)",10.14.4.,4,Сборка и подготовка устройства ТПМК,Дороги
45,,True,"datetime.datetime(2025, 2, 12, 0, 0)",10.14.4.,4,Проходка тоннелей с монтажем ж/б обделки,Дороги
46,,True,"datetime.datetime(2025, 3, 12, 0, 0)",10.14.4.,4,Устройство подземной части,Жильё;Образование;Здравоохранение;Спорт;Культура;Административные здания;ДОУ;Офисно-деловой центр;Дороги
47,12.3.1.,False,,,3,Устройство котлована,Жильё;Образование;Здравоохранение;Спорт;Культура;Административные здания;ДОУ;Офисно-деловой центр;Дороги
48,12.3.2.,False,,,3,Устройство свай,Дороги
49,12.3.3.,False,,,3,Устройство основания,Дороги
50,12.3.4.,False,,,3,Устройство фундамента,Жильё;Образование;Здравоохранение;Спорт;Культура;Административные здания;ДОУ;Офисно-деловой центр;Дороги
51,,False,,12.3.4.,4,Устройство свайного фундамента (при необходимости),Жильё;Образование;Здравоохранение;Спорт;Культура;Административные здания;ДОУ;Офисно-деловой центр;Дороги
52,,False,,12.3.4.,4,Устройство песчаной подготовки,Жильё;Образование;Здравоохранение;Спорт;Культура;Административные здания;ДОУ;Офисно-деловой центр;Дороги
53,,False,,12.3.4.,4,Устройство щебеночного основания,Жильё;Образование;Здравоохранение;Спорт;Культура;Административные здания;ДОУ;Офисно-деловой центр;Дороги
54,,False,,12.3.4.,4,Устройство бетонной подготовки,Жильё;Образование;Здравоохранение;Спорт;Культура;Административные здания;ДОУ;Офисно-деловой центр;Дороги
55,,False,,12.3.4.,4,Устройство монолитных ж/б плит перекрытия/покрытия,Жильё;Образование;Здравоохранение;Спорт;Культура;Административные здания;ДОУ;Офисно-деловой центр;Дороги
56,,False,,12.3.4.,4,Устройство фундаментной плиты,Жильё;Образование;Здравоохранение;Спорт;Культура;Административные здания;ДОУ;Офисно-деловой центр
57,,False,,12.3.4.,4,Устройство фундамента под башенный кран,Жильё;Образование;Здравоохранение;Спорт;Культура;Административные здания;ДОУ;Офисно-деловой центр
58,,False,,12.3.4.,4,Армокаркас,Дороги
59,12.3.5.,False,,,3,"Ограждающие конструкции (СВГ,БСС)",Образование;Здравоохранение;Спорт;Культура;Административные здания;ДОУ;Офисно-деловой центр;Дороги
60,,False,,12.3.5.,4,"Устройство скважины интервала (бурение, разработка, погружение каркаса, бетонирование)",Образование;Здравоохранение;Спорт;Культура;Административные здания;ДОУ;Офисно-деловой центр;Дороги
61,,False,,12.3.5.,4,Закрепление грунтов,Образование;Здравоохранение;Спорт;Культура;Административные здания;ДОУ;Офисно-деловой центр;Дороги
62,,False,,12.3.5.,4,Обвязочная балка,Образование;Здравоохранение;Спорт;Культура;Административные здания;ДОУ;Офисно-деловой центр;Дороги
63,12.3.6.,False,,,3,Устройство ограждающих конструкций котлована,Образование;Здравоохранение;Спорт;Культура;Административные здания;Дороги
64,12.3.7.,False,,,3,Земляные работы,Образование;Здравоохранение;Спорт;Культура;Административные здания;ДОУ;Офисно-деловой центр;Дороги
65,,False,,12.3.7.,4,Разработка грунта,Образование;Здравоохранение;Спорт;Культура;Административные здания;ДОУ;Офисно-деловой центр;Дороги
66,,False,,12.3.7.,4,Обратная засыпка,Образование;Здравоохранение;Спорт;Культура;Административные здания;ДОУ;Офисно-деловой центр;Дороги
67,,False,,12.3.7.,4,Планировка грунта,Образование;Здравоохранение;Спорт;Культура;Административные здания;ДОУ;Офисно-деловой центр;Дороги
68,,False,,12.3.7.,4,Уплотнение грунта,Образование;Здравоохранение;Спорт;Культура;Административные здания;ДОУ;Офисно-деловой центр;Дороги
69,,False,,12.3.7.,4,Распорная система,Образование;Здравоохранение;Спорт;Культура;Административные здания;ДОУ;Офисно-деловой центр;Дороги
70,,False,,12.3.7.,4,Шпунтовое ограждение,Жильё;Образование;Здравоохранение;Спорт;Культура;Административные здания;ДОУ;Офисно-деловой центр;Дороги
71,,False,,12.3.7.,4,"Устройство шпунтового ограждения котлована, устройство деревянной забирки",Жильё;Образование;Здравоохранение;Спорт;Культура;Административные здания;ДОУ;Офисно-деловой центр;Дороги
72,,False,,12.3.7.,4,Выемка грунта котлована,Жильё;Образование;Здравоохранение;Спорт;Культура;Административные здания;ДОУ;Офисно-деловой центр;Дороги
73,,False,,12.3.7.,4,Разработка грунта с креплением котлована,Жильё;Образование;Здравоохранение;Спорт;Культура;Административные здания;ДОУ;Офисно-деловой центр;Дороги
74,,False,,12.3.7.,4,Буронабивные сваи,Жильё;Образование;Здравоохранение;Спорт;Культура;Административные здания;ДОУ;Офисно-деловой центр;Дороги
75,,False,,12.3.7.,4,Буроинъекционные сваи,Жильё;Образование;Здравоохранение;Спорт;Культура;Административные здания;ДОУ;Офисно-деловой центр;Дороги
76,,False,,12.3.7.,4,Песчаное основание,Жильё;Образование;Здравоохранение;Спорт;Культура;Административные здания;ДОУ;Офисно-деловой центр;Дороги
77,,False,,12.3.7.,4,Обратная засыпка грунтом,Жильё;Образование;Здравоохранение;Спорт;Культура;Административные здания;ДОУ;Офисно-деловой центр;Дороги
78,,False,,12.3.7.,4,Обратная засыпка песком,Жильё;Образование;Здравоохранение;Спорт;Культура;Административные здания;ДОУ;Офисно-деловой центр;Дороги
79,12.3.8.,False,,,3,Основание нижнего слоя дорожной одежды (в т.ч. Песчано-подстилающий слой),Дороги
80,,False,,12.3.8.,4,Устройство нижнего слоя основания дорожной одежды,Дороги
81,,False,,12.3.8.,4,Планировка нижнего слоя основания дорожной одежды,Дороги
82,,False,,12.3.8.,4,Уплотнение нижнего слоя основания дорожной одежды,Дороги
83,12.3.9.,False,,,3,"Монолитные работы ниже отметки""0""",Жильё;Образование;Здравоохранение;Спорт;Культура;Административные здания;ДОУ;Офисно-деловой центр
84,,False,,12.3.9.,4,"Устройство стен, колонн и пилонов подземного этажа",Жильё;Образование;Здравоохранение;Спорт;Культура;Административные здания;ДОУ;Офисно-деловой центр
85,,False,,12.3.9.,4,"Устройство монолитной ж/б фундаментной плиты (плита под здание, плита под башенный кран, фундамент под оборудование), в т.ч. устройство бетонной подготовки",Жильё;Образование;Здравоохранение;Спорт;Культура;Административные здания;ДОУ;Офисно-деловой центр
86,,False,,12.3.9.,4,Устройство несущих ж/б контсрукций подземной части здания,Жильё;Образование;Здравоохранение;Спорт;Культура;Административные здания;ДОУ;Офисно-деловой центр
87,,False,,12.3.9.,4,Устройство монолитных ж/б колонн,Жильё;Образование;Здравоохранение;Спорт;Культура;Административные здания;ДОУ;Офисно-деловой центр
88,,False,,12.3.9.,4,Устройство монолитных ж/б плит перекрытия/покрытия,Жильё;Образование;Здравоохранение;Спорт;Культура;Административные здания;ДОУ;Офисно-деловой центр
89,,False,,12.3.9.,4,Устройство монолитных ж/б лестниц,Жильё;Образование;Здравоохранение;Спорт;Культура;Административные здания;ДОУ;Офисно-деловой центр
90,,False,,12.3.9.,4,Устройство плиты перекрытия подземного этажа (+0.000),Жильё;Образование;Здравоохранение;Спорт;Культура;Административные здания;ДОУ;Офисно-деловой центр
91,12.3.10.,False,,,3,Устройство гидроизоляции,Жильё;Образование;Здравоохранение;Спорт;Культура;Административные здания;ДОУ;Офисно-деловой центр
92,,False,,12.3.10.,4,Устройство горизонтальной рулонной гидроизоляции в 2 слоя под защитой,Жильё;Образование;Здравоохранение;Спорт;Культура;Административные здания;ДОУ;Офисно-деловой центр
93,,False,,12.3.10.,4,Устройство вертикальной рулонной гидроизоляции в 2 слоя,Жильё;Образование;Здравоохранение;Спорт;Культура;Административные здания;ДОУ;Офисно-деловой центр
94,,False,,12.3.10.,4,Устройство отсечной гидроизоляции стен подвала (пакеры),Жильё;Образование;Здравоохранение;Спорт;Культура;Административные здания;ДОУ;Офисно-деловой центр
95,12.3.11.,False,,,3,Инъектирование стен подвала,Жильё;Образование;Здравоохранение;Спорт;Культура;Административные здания;ДОУ;Офисно-деловой центр
96,,True,"datetime.datetime(2025, 4, 12, 0, 0)",12.3.11.,4,Устройство надземной части,Жильё;Образование;Здравоохранение;Спорт;Культура;Административные здания;ДОУ;Офисно-деловой центр;Дороги
97,12.4.1.,False,,,3,Заказ оборудования,Жильё;Образование;Здравоохранение;Спорт;Культура;Административные здания;ДОУ;Офисно-деловой центр;Дороги
98,12.4.2.,False,,,3,Поставка оборудования,Жильё;Образование;Здравоохранение;Спорт;Культура;Административные здания;ДОУ;Офисно-деловой центр;Дороги
99,12.4.3.,False,,,3,Монтаж оборудования,Жильё;Образование;Здравоохранение;Спорт;Культура;Административные здания;ДОУ;Офисно-деловой центр;Дороги
100,12.4.4.,False,,,3,Устройство несущих ж/б контсрукций надземной части здания,Жильё;Образование;Здравоохранение;Спорт;Культура;Административные здания;ДОУ;Офисно-деловой центр;Дороги
101,12.4.5.,False,,,3,Армокаркас,Дороги
102,12.4.6.,False,,,3,Опоры,Образование;Здравоохранение;Спорт;Культура;Административные здания;ДОУ;Офисно-деловой центр;Дороги
103,,False,,12.4.6.,4,Устройство гидрозоляции,Образование;Здравоохранение;Спорт;Культура;Административные здания;ДОУ;Офисно-деловой центр;Дороги
104,,False,,12.4.6.,4,Устройство ж/б конструкций,Образование;Здравоохранение;Спорт;Культура;Административные здания;ДОУ;Офисно-деловой центр;Дороги
105,,False,,12.4.6.,4,Окраска бетонных поверхностей,Образование;Здравоохранение;Спорт;Культура;Административные здания;ДОУ;Офисно-деловой центр;Дороги
106,12.4.7.,False,,,3,Пролеты,Дороги
107,,False,,12.4.7.,4,Армирование пролетного строения,Дороги
108,,False,,12.4.7.,4,Бетонирование пролетного строения,Дороги
109,,False,,12.4.7.,4,"Устройство конструкций пролетного строения (металл, балки)",Дороги
110,,False,,12.4.7.,4,Устройство конструкций кровли,Жильё;Образование;Здравоохранение;Спорт;Культура;Административные здания;ДОУ;Офисно-деловой центр;Дороги
111,,False,,12.4.7.,4,Устройство пирога кровли,Жильё;Образование;Здравоохранение;Спорт;Культура;Административные здания;ДОУ;Офисно-деловой центр;Дороги
112,12.4.8.,False,,,3,Стены и перегородки,Жильё;Образование;Здравоохранение;Спорт;Культура;Административные здания;ДОУ;Офисно-деловой центр;Дороги
113,,False,,12.4.8.,4,Устройство наружных стен,Жильё;Образование;Здравоохранение;Спорт;Культура;Административные здания;ДОУ;Офисно-деловой центр;Дороги
114,,False,,12.4.8.,4,Устройство внутренних перегородок,Жильё;Образование;Здравоохранение;Спорт;Культура;Административные здания;ДОУ;Офисно-деловой центр;Дороги
115,,False,,12.4.8.,4,"Устройство стен из ячеистого бетона, в т.ч. креплением их к монолитным стенам/перекрытиям, заделкой мест примыканий, установкой перемычек и армированием сеткой",Образование;Здравоохранение;Спорт;Культура;Административные здания;ДОУ;Офисно-деловой центр
116,,False,,12.4.8.,4,Устройство внутренних перегородок,Образование;Здравоохранение;Спорт;Культура;Административные здания;ДОУ;Офисно-деловой центр
117,,False,,12.4.8.,4,Кладка стен наружных армированных из кирпича,Образование;Здравоохранение;Спорт;Культура;Административные здания;ДОУ;Офисно-деловой центр
118,,False,,12.4.8.,4,"Наружная облицовка поверхности стен, отливов профлистом",Образование;Здравоохранение;Спорт;Культура;Административные здания;ДОУ;Офисно-деловой центр
119,,False,,12.4.8.,4,"Монтаж наружных стеновых сэндвич-панелей 
 (сэндвич-панели, нащельники)",Образование;Здравоохранение;Спорт;Культура;Административные здания;ДОУ;Офисно-деловой центр
120,,False,,12.4.8.,4,"Устройство стен и перегородок из кирпича, в т.ч. креплением их к монолитным стенам/перекрытиям, заделкой мест примыканий, установкой перемычек и армированием сеткой",Образование;Здравоохранение;Спорт;Культура;Административные здания;ДОУ;Офисно-деловой центр
121,,False,,12.4.8.,4,"Устройство армированных кирпичных перегородок, укладка перемычек",Образование;Здравоохранение;Спорт;Культура;Административные здания;ДОУ;Офисно-деловой центр
122,,False,,12.4.8.,4,Облицовка стен ГВЛВ по металлическому каркасу с теплоизоляцией,Образование;Здравоохранение;Спорт;Культура;Административные здания;ДОУ;Офисно-деловой центр
123,,False,,12.4.8.,4,Устройство армированных перегородок из газобетонных блоков,Образование;Здравоохранение;Спорт;Культура;Административные здания;ДОУ;Офисно-деловой центр
124,,False,,12.4.8.,4,Устройство армированных внутренних перегородок из газобетонного блока,Образование;Здравоохранение;Спорт;Культура;Административные здания;ДОУ;Офисно-деловой центр
125,,False,,12.4.8.,4,Установка сантехнических перегородок,Образование;Здравоохранение;Спорт;Культура;Административные здания;ДОУ;Офисно-деловой центр
126,,False,,12.4.8.,4,Устройство перегородок из гипсокартонных листов (ГКЛ),Образование;Здравоохранение;Спорт;Культура;Административные здания;ДОУ;Офисно-деловой центр
127,,False,,12.4.8.,4,Облицовка стен листами ГКЛ на клею в 2 слоя,Образование;Здравоохранение;Спорт;Культура;Административные здания;ДОУ;Офисно-деловой центр
128,,False,,12.4.8.,4,Установка люков сантехнических (ревизионных),Образование;Здравоохранение;Спорт;Культура;Административные здания;ДОУ;Офисно-деловой центр
129,12.4.9.,False,,,3,Бетонирование плиты и стен,Спорт;Дороги
130,12.4.10.,False,,,3,Бетонирование колонн и перекрытий,Спорт;Дороги
131,12.4.11.,False,,,3,Фасад,Жильё;Образование;Здравоохранение;Спорт;Культура;Административные здания;ДОУ;Офисно-деловой центр;Дороги
132,,False,,12.4.11.,4,Монтаж утеплителя,Жильё;Образование;Здравоохранение;Спорт;Культура;Административные здания;ДОУ;Офисно-деловой центр;Дороги
133,,False,,12.4.11.,4,Монтаж фасадной системы,Жильё;Образование;Здравоохранение;Спорт;Культура;Административные здания;ДОУ;Офисно-деловой центр;Дороги
134,,False,,12.4.11.,4,Монтаж навесных элементов фасада,Жильё;Образование;Здравоохранение;Спорт;Культура;Административные здания;ДОУ;Офисно-деловой центр;Дороги
135,,False,,12.4.11.,4,Заполнение оконных проемов,Жильё;Образование;Здравоохранение;Спорт;Культура;Административные здания;ДОУ;Офисно-деловой центр;Дороги
136,12.4.12.,False,,,3,Основание верхнего слоя дорожной одежды,Дороги
137,,False,,12.4.12.,4,Устройство верхнего слоя основания дорожной одежды,Дороги
138,,False,,12.4.12.,4,Планировка верхнего слоя основания дорожной одежды,Дороги
139,,False,,12.4.12.,4,Уплотнение верхнего слоя основания дорожной одежды,Дороги
140,,False,,12.4.12.,4,Устройство бортового камня,Дороги
141,12.4.13.,False,,,3,Мостовое полотно,Дороги
142,,False,,12.4.13.,4,Устройство плиты проезжей части,Дороги
143,,False,,12.4.13.,4,Устройство монолитного участка деформационного шва,Дороги
144,,False,,12.4.13.,4,Установка бокового барьерного ограждения с внешней стороны пролетного строения,Дороги
145,,False,,12.4.13.,4,Установка барьерного ограждения на разделительной полосе,Дороги
146,,False,,12.4.13.,4,Установка перильного ограждения,Дороги
147,,False,,12.4.13.,4,"Устройство конструкций пролетного строения (металл, балки)",Дороги
148,12.4.14.,False,,,3,Покрытие дорожной одежды,Дороги
149,,False,,12.4.14.,4,Устройство нижнего слоя покрытия,Дороги
150,,False,,12.4.14.,4,Устройство верхнего слоя покрытия,Дороги
151,,False,,12.4.14.,4,Дорожные знаки,Дороги
152,,False,,12.4.14.,4,Пешеходное ограждение,Дороги
153,,False,,12.4.14.,4,Светофорные объекты,Дороги
154,,False,,12.4.14.,4,Шумо/грязезащитные экраны,Дороги
155,,False,,12.4.14.,4,Дорожное ограждение,Дороги
156,12.4.15.,False,,,3,ВСП (верхнее строение пути),Дороги
157,,False,,12.4.15.,4,Жесткое основание,Дороги
158,,False,,12.4.15.,4,"Рельсо-шпальная решетка, стрелочные переводы",Дороги
159,,False,,12.4.15.,4,Путевой бетон,Дороги
160,12.4.16.,False,,,3,Средства организации дорожного движения,Дороги
161,12.4.17.,False,,,3,Дорожная разметка,Дороги
162,12.4.18.,False,,,3,Обустройство,Дороги
163,12.4.19.,False,,,3,Установка дорожных знаков,Дороги
164,12.4.20.,False,,,3,Установка пешеходного ограждения,Дороги
165,12.4.21.,False,,,3,Установка светофорных объектов,Дороги
166,12.4.22.,False,,,3,Установка шумо/грязезащитных экранов,Дороги
167,12.4.23.,False,,,3,Подпорная / противопожарная стена,Дороги
168,12.4.24.,False,,,3,Противопожарные мероприятия,Дороги
169,12.4.25.,False,,,3,Трансбарьер,Дороги
170,12.4.26.,False,,,3,"огнезащита, окраска",Дороги
171,12.4.27.,False,,,3,Насыпь/Призма,Дороги
172,12.4.28.,False,,,3,"Монолитные работы выше отметки""0""",Жильё;Образование;Здравоохранение;Спорт;Культура;Административные здания;ДОУ;Офисно-деловой центр
173,,False,,12.4.28.,4,"Сталебетонные перекрытия выше отм. 0,000",Жильё;Образование;Здравоохранение;Спорт;Культура;Административные здания;ДОУ;Офисно-деловой центр
174,,False,,12.4.28.,4,Устройство монолитных ж/б лестниц,Жильё;Образование;Здравоохранение;Спорт;Культура;Административные здания;ДОУ;Офисно-деловой центр
175,,False,,12.4.28.,4,Трибуны актового зала,Жильё;Образование;Здравоохранение;Спорт;Культура;Административные здания;ДОУ;Офисно-деловой центр
176,,False,,12.4.28.,4,Устройство монолитных ж/б конструкций входных групп,Жильё;Образование;Здравоохранение;Спорт;Культура;Административные здания;ДОУ;Офисно-деловой центр
177,,False,,12.4.28.,4,Устройство горизонтальной рулонной гидроизоляции в 2 слоя под защитой,Жильё;Образование;Здравоохранение;Спорт;Культура;Административные здания;ДОУ;Офисно-деловой центр
178,,False,,12.4.28.,4,Устройство вертикальной рулонной гидроизоляции в 2 слоя по праймеру,Жильё;Образование;Здравоохранение;Спорт;Культура;Административные здания;ДОУ;Офисно-деловой центр
179,,False,,12.4.28.,4,Теплоизоляция стен экструдированным пенополистиролом толщ. 100 мм,Жильё;Образование;Здравоохранение;Спорт;Культура;Административные здания;ДОУ;Офисно-деловой центр
180,,False,,12.4.28.,4,"Устройство пристенного дренажа, в т.ч. прижимной стенки",Жильё;Образование;Здравоохранение;Спорт;Культура;Административные здания;ДОУ;Офисно-деловой центр
181,12.4.29.,False,,,3,Каркас здания,Жильё;Образование;Здравоохранение;Спорт;Культура;Административные здания;ДОУ;Офисно-деловой центр
182,,False,,12.4.29.,4,Устройство ж/б конструкций,Жильё;Образование;Здравоохранение;Спорт;Культура;Административные здания;ДОУ;Офисно-деловой центр
183,12.4.30.,False,,,3,Металлоконструкции,Жильё;Образование;Здравоохранение;Спорт;Культура;Административные здания;ДОУ;Офисно-деловой центр;Дороги
184,,False,,12.4.30.,4,"Металлоконструкции (фермы, балки, прогоны, надколонники, связи, козырьки, решетки приямков, лестницы)",Жильё;Образование;Здравоохранение;Спорт;Культура;Административные здания;ДОУ;Офисно-деловой центр;Дороги
185,,False,,12.4.30.,4,Покрытие из профилированного листа,Жильё;Образование;Здравоохранение;Спорт;Культура;Административные здания;ДОУ;Офисно-деловой центр;Дороги
186,,False,,12.4.30.,4,Огнезащита м/к,Жильё;Образование;Здравоохранение;Спорт;Культура;Административные здания;ДОУ;Офисно-деловой центр;Дороги
187,,False,,12.4.30.,4,Ограждения,Жильё;Образование;Здравоохранение;Спорт;Культура;Административные здания;ДОУ;Офисно-деловой центр;Дороги
188,,False,,12.4.30.,4,Решетки,Жильё;Образование;Здравоохранение;Спорт;Культура;Административные здания;ДОУ;Офисно-деловой центр;Дороги
189,,False,,12.4.30.,4,Пожарные лестницы,Жильё;Образование;Здравоохранение;Спорт;Культура;Административные здания;ДОУ;Офисно-деловой центр;Дороги
190,12.4.31.,False,,,3,Устройство пирога кровли,Жильё;Образование;Здравоохранение;Спорт;Культура;Административные здания;ДОУ;Офисно-деловой центр
191,,False,,12.4.31.,4,Пароизоляция,Жильё;Образование;Здравоохранение;Спорт;Культура;Административные здания;ДОУ;Офисно-деловой центр
192,,False,,12.4.31.,4,Утепление,Жильё;Образование;Здравоохранение;Спорт;Культура;Административные здания;ДОУ;Офисно-деловой центр
193,,False,,12.4.31.,4,Разуклонка ЦПР,Жильё;Образование;Здравоохранение;Спорт;Культура;Административные здания;ДОУ;Офисно-деловой центр
194,,False,,12.4.31.,4,Гидроизоляция 3 слоя,Жильё;Образование;Здравоохранение;Спорт;Культура;Административные здания;ДОУ;Офисно-деловой центр
195,,False,,12.4.31.,4,Покрытие козырьков,Жильё;Образование;Здравоохранение;Спорт;Культура;Административные здания;ДОУ;Офисно-деловой центр
196,,False,,12.4.31.,4,"Водосток с основной кровли, с кровли крылец",Жильё;Образование;Здравоохранение;Спорт;Культура;Административные здания;ДОУ;Офисно-деловой центр
197,,False,,12.4.31.,4,Устройство кровли. Тип 1,Жильё;Образование;Здравоохранение;Спорт;Культура;Административные здания;ДОУ;Офисно-деловой центр
198,,False,,12.4.31.,4,Устройство кровли. Тип 2,Жильё;Образование;Здравоохранение;Спорт;Культура;Административные здания;ДОУ;Офисно-деловой центр
199,,False,,12.4.31.,4,Устройство кровли. Тип 3,Жильё;Образование;Здравоохранение;Спорт;Культура;Административные здания;ДОУ;Офисно-деловой центр
200,,False,,12.4.31.,4,Устройство кровли. Тип 4,Жильё;Образование;Здравоохранение;Спорт;Культура;Административные здания;ДОУ;Офисно-деловой центр
201,,False,,12.4.31.,4,Устройство кровли. Тип 5,Жильё;Образование;Здравоохранение;Спорт;Культура;Административные здания;ДОУ;Офисно-деловой центр
202,,False,,12.4.31.,4,Устройство кровли. Тип 6,Жильё;Образование;Здравоохранение;Спорт;Культура;Административные здания;ДОУ;Офисно-деловой центр
203,,False,,12.4.31.,4,Устройство кровли. Тип 7,Жильё;Образование;Здравоохранение;Спорт;Культура;Административные здания;ДОУ;Офисно-деловой центр
204,,False,,12.4.31.,4,Устройство кровли. Тип 8,Жильё;Образование;Здравоохранение;Спорт;Культура;Административные здания;ДОУ;Офисно-деловой центр
205,,False,,12.4.31.,4,Козырьки из светопрозрачных металлических конструкций,Жильё;Образование;Здравоохранение;Спорт;Культура;Административные здания;ДОУ;Офисно-деловой центр
206,,False,,12.4.31.,4,Дополнительные элементы и надстройки кровли,Жильё;Образование;Здравоохранение;Спорт;Культура;Административные здания;ДОУ;Офисно-деловой центр
207,,False,,12.4.31.,4,Парапеты вентшахты,Жильё;Образование;Здравоохранение;Спорт;Культура;Административные здания;ДОУ;Офисно-деловой центр
208,,False,,12.4.31.,4,Устройство кровли по железобетонному покрытию (Тип кровли 1),Жильё;Образование;Здравоохранение;Спорт;Культура;Административные здания;ДОУ;Офисно-деловой центр
209,,False,,12.4.31.,4,Устройство кровли по покрытию из стального профлиста (Тип кровли 2),Жильё;Образование;Здравоохранение;Спорт;Культура;Административные здания;ДОУ;Офисно-деловой центр
210,,False,,12.4.31.,4,Установка аэраторов,Жильё;Образование;Здравоохранение;Спорт;Культура;Административные здания;ДОУ;Офисно-деловой центр
211,,False,,12.4.31.,4,"Устройство парапетной крышки, крышки фахверка, отделка фахверков парапета",Жильё;Образование;Здравоохранение;Спорт;Культура;Административные здания;ДОУ;Офисно-деловой центр
212,,False,,12.4.31.,4,Устройство эксплуатируемой дорожки,Жильё;Образование;Здравоохранение;Спорт;Культура;Административные здания;ДОУ;Офисно-деловой центр
213,,False,,12.4.31.,4,"Устройство примыканий в парапету, воронкам",Жильё;Образование;Здравоохранение;Спорт;Культура;Административные здания;ДОУ;Офисно-деловой центр
214,,False,,12.4.31.,4,Устройство проходок через кровлю,Жильё;Образование;Здравоохранение;Спорт;Культура;Административные здания;ДОУ;Офисно-деловой центр
215,,False,,12.4.31.,4,Устройство шумозащитного экрана,Жильё;Образование;Здравоохранение;Спорт;Культура;Административные здания;ДОУ;Офисно-деловой центр
216,12.4.32.,False,,,3,Устройство конструкций кровли,Жильё;Образование;Здравоохранение;Спорт;Культура;Административные здания;ДОУ;Офисно-деловой центр
217,12.4.33.,False,,,3,Установка ворот,Жильё;Образование;Здравоохранение;Спорт;Культура;Административные здания;ДОУ;Офисно-деловой центр
218,12.4.34.,False,,,3,Установка дверей деревянных,Жильё;Образование;Здравоохранение;Спорт;Культура;Административные здания;ДОУ;Офисно-деловой центр
219,12.4.35.,False,,,3,Установка внутренних металлических дверей,Жильё;Образование;Здравоохранение;Спорт;Культура;Административные здания;ДОУ;Офисно-деловой центр
220,12.4.36.,False,,,3,Установка наружных дверей,Жильё;Образование;Здравоохранение;Спорт;Культура;Административные здания;ДОУ;Офисно-деловой центр
221,12.4.37.,False,,,3,"Монтаж алюминиевых витражей (шторы противопожарные, алюминиевые витражи)",Жильё;Образование;Здравоохранение;Спорт;Культура;Административные здания;ДОУ;Офисно-деловой центр
222,12.4.38.,False,,,3,Установка оконных блоков ПВХ,Жильё;Образование;Здравоохранение;Спорт;Культура;Административные здания;ДОУ;Офисно-деловой центр;Дороги
223,12.4.39.,False,,,3,Установка алюминиевых подоконников,Жильё;Образование;Здравоохранение;Спорт;Культура;Административные здания;ДОУ;Офисно-деловой центр
224,12.4.40.,False,,,3,Установка подоконников ГКЛВ с отделкой,Жильё;Образование;Здравоохранение;Спорт;Культура;Административные здания;ДОУ;Офисно-деловой центр
225,12.4.41.,False,,,3,"Устройство теплоизоляции стен, в т.ч. укрытие плит утеплителя ветровлагозащитной пленкой (при необходимости)",Жильё;Образование;Здравоохранение;Спорт;Культура;Административные здания;ДОУ;Офисно-деловой центр
226,12.4.42.,False,,,3,Устройство вентилируемого навесного фасада из керамогранита,Жильё;Образование;Здравоохранение;Спорт;Культура;Административные здания;ДОУ;Офисно-деловой центр
227,12.4.43.,False,,,3,Облицовка цоколя крупноформатными панелями из керамогранита на растворе,Жильё;Образование;Здравоохранение;Спорт;Культура;Административные здания;ДОУ;Офисно-деловой центр
228,12.4.44.,False,,,3,Облицовка крылец и наружных лестниц нескользящей бетонной плитки с гранитной крошкой на клее,Жильё;Образование;Здравоохранение;Спорт;Культура;Административные здания;ДОУ;Офисно-деловой центр
229,12.4.45.,False,,,3,Устройство откосов и сливов из оцинкованной стали с полимерным покрытием,Жильё;Образование;Здравоохранение;Спорт;Культура;Административные здания;ДОУ;Офисно-деловой центр
230,12.4.46.,False,,,3,Навесной вентилируемый фасад из стеклофибробетона со вставками из стемалита,Жильё;Образование;Здравоохранение;Спорт;Культура;Административные здания;ДОУ;Офисно-деловой центр
231,12.4.47.,False,,,3,Облицовка цоколя гранитной плиткой на подсистеме вентилируемого фасада,Жильё;Образование;Здравоохранение;Спорт;Культура;Административные здания;ДОУ;Офисно-деловой центр
232,12.4.48.,False,,,3,Облицовка крылец и наружных лестниц гранитной плиткой на растворе,Жильё;Образование;Здравоохранение;Спорт;Культура;Административные здания;ДОУ;Офисно-деловой центр
233,12.4.49.,False,,,3,Металлические декоративные ламели,Жильё;Образование;Здравоохранение;Спорт;Культура;Административные здания;ДОУ;Офисно-деловой центр
234,12.4.50.,False,,,3,Облицовка керамогранитной плиткой внутренней поверхности приямков,Жильё;Образование;Здравоохранение;Спорт;Культура;Административные здания;ДОУ;Офисно-деловой центр
235,12.4.51.,False,,,3,Подшивка нависающих частей здания алюминиевой рейкой,Жильё;Образование;Здравоохранение;Спорт;Культура;Административные здания;ДОУ;Офисно-деловой центр
236,12.4.52.,False,,,3,"Элементы фасада (логотипы, вывески, указатели, светильники, флагодержатели и пр.)",Жильё;Образование;Здравоохранение;Спорт;Культура;Административные здания;ДОУ;Офисно-деловой центр
237,12.4.53.,False,,,3,Ограждения из нержавеющей стали,Жильё;Образование;Здравоохранение;Спорт;Культура;Административные здания;ДОУ;Офисно-деловой центр
238,12.4.54.,False,,,3,Теплоизоляция фасада,Жильё;Образование;Здравоохранение;Спорт;Культура;Административные здания;ДОУ;Офисно-деловой центр
239,12.4.55.,False,,,3,Устройство гидроизоляции цоколя,Жильё;Образование;Здравоохранение;Спорт;Культура;Административные здания;ДОУ;Офисно-деловой центр
240,12.4.56.,False,,,3,Установка перфорированной фасадной кассеты,Жильё;Образование;Здравоохранение;Спорт;Культура;Административные здания;ДОУ;Офисно-деловой центр
241,12.4.57.,False,,,3,Монтаж козырьков,Жильё;Образование;Здравоохранение;Спорт;Культура;Административные здания;ДОУ;Офисно-деловой центр
242,,True,"datetime.datetime(2025, 5, 12, 0, 0)",12.4.57.,4,Устройство инженерных систем,Жильё;Образование;Здравоохранение;Спорт;Культура;Административные здания;ДОУ;Офисно-деловой центр;Дороги
243,12.5.1.,False,,,3,Устройство наружных сетей,Жильё;Образование;Здравоохранение;Спорт;Культура;Административные здания;ДОУ;Офисно-деловой центр;Дороги
244,,False,,12.5.1.,4,Теплосеть,Жильё;Образование;Здравоохранение;Спорт;Культура;Административные здания;ДОУ;Офисно-деловой центр;Дороги
245,,False,,12.5.1.,4,Водоснабжение,Жильё;Образование;Здравоохранение;Спорт;Культура;Административные здания;ДОУ;Офисно-деловой центр;Дороги
246,,False,,12.5.1.,4,Х/Б канализация,Жильё;Образование;Здравоохранение;Спорт;Культура;Административные здания;ДОУ;Офисно-деловой центр;Дороги
247,,False,,12.5.1.,4,Ливневая канализация,Жильё;Образование;Здравоохранение;Спорт;Культура;Административные здания;ДОУ;Офисно-деловой центр;Дороги
248,,False,,12.5.1.,4,Электроснабжение,Жильё;Образование;Здравоохранение;Спорт;Культура;Административные здания;ДОУ;Офисно-деловой центр;Дороги
249,,False,,12.5.1.,4,Слаботочные сети,Жильё;Образование;Здравоохранение;Спорт;Культура;Административные здания;ДОУ;Офисно-деловой центр;Дороги
250,,False,,12.5.1.,4,Устройство трубной канализации,Дороги
251,,False,,12.5.1.,4,Прокладка кабеля,Дороги
252,,False,,12.5.1.,4,"Дизель-генераторная установка, в т.ч. фундамент под оборудование",Жильё;Образование;Здравоохранение;Спорт;Культура;Административные здания;ДОУ;Офисно-деловой центр;Дороги
253,,False,,12.5.1.,4,Наружные сети связи,Жильё;Образование;Здравоохранение;Спорт;Культура;Административные здания;ДОУ;Офисно-деловой центр;Дороги
254,12.5.2.,False,,,3,Устройство внутренних сетей,Жильё;Образование;Здравоохранение;Спорт;Культура;Административные здания;ДОУ;Офисно-деловой центр;Дороги
255,,False,,12.5.2.,4,Вентиляция и кондиционирование,Жильё;Образование;Здравоохранение;Спорт;Культура;Административные здания;ДОУ;Офисно-деловой центр;Дороги
256,,False,,12.5.2.,4,Электрика,Жильё;Образование;Здравоохранение;Спорт;Культура;Административные здания;ДОУ;Офисно-деловой центр;Дороги
257,,False,,12.5.2.,4,Сантехника,Жильё;Образование;Здравоохранение;Спорт;Культура;Административные здания;ДОУ;Офисно-деловой центр;Дороги
258,,False,,12.5.2.,4,Сети связи,Жильё;Образование;Здравоохранение;Спорт;Культура;Административные здания;ДОУ;Офисно-деловой центр;Дороги
259,,False,,12.5.2.,4,Сети водоснабжения,Жильё;Образование;Здравоохранение;Спорт;Культура;Административные здания;ДОУ;Офисно-деловой центр;Дороги
260,,False,,12.5.2.,4,Сети канализации,Жильё;Образование;Здравоохранение;Спорт;Культура;Административные здания;ДОУ;Офисно-деловой центр;Дороги
261,,False,,12.5.2.,4,Система отопления,Жильё;Образование;Здравоохранение;Спорт;Культура;Административные здания;ДОУ;Офисно-деловой центр;Дороги
262,,False,,12.5.2.,4,Ливневая канализация,Жильё;Образование;Здравоохранение;Спорт;Культура;Административные здания;ДОУ;Офисно-деловой центр;Дороги
263,,False,,12.5.2.,4,Разработка грунта с креплением,Дороги
264,,False,,12.5.2.,4,Устройство колодцев,Дороги
265,,False,,12.5.2.,4,Прокладка труб,Дороги
266,,False,,12.5.2.,4,Индивидуальный тепловой пункт (ИТП),Жильё;Образование;Здравоохранение;Спорт;Культура;Административные здания;ДОУ;Офисно-деловой центр
267,,False,,12.5.2.,4,Охранно-защитная дератизационная система (ОЗДС),Жильё;Образование;Здравоохранение;Спорт;Культура;Административные здания;ДОУ;Офисно-деловой центр
268,,False,,12.5.2.,4,Система автоматизации теплового пункта (АТМ ИТП),Жильё;Образование;Здравоохранение;Спорт;Культура;Административные здания;ДОУ;Офисно-деловой центр
269,,False,,12.5.2.,4,Силовое электрооборудование и электроосвещение теплового пункта (ЭОМ ИТП),Жильё;Образование;Здравоохранение;Спорт;Культура;Административные здания;ДОУ;Офисно-деловой центр
270,,False,,12.5.2.,4,Система радиофикации (РФ),Жильё;Образование;Здравоохранение;Спорт;Культура;Административные здания;ДОУ;Офисно-деловой центр
271,,False,,12.5.2.,4,Система электрочасофикации (ЭЧ),Жильё;Образование;Здравоохранение;Спорт;Культура;Административные здания;ДОУ;Офисно-деловой центр
272,,False,,12.5.2.,4,Обеспечение доступа инвалидам (ОДИ),Жильё;Образование;Здравоохранение;Спорт;Культура;Административные здания;ДОУ;Офисно-деловой центр
273,,False,,12.5.2.,4,Система вызова для МГН (СВМГН),Жильё;Образование;Здравоохранение;Спорт;Культура;Административные здания;ДОУ;Офисно-деловой центр
274,,False,,12.5.2.,4,"Система телефонизации, телевидения, доступа к сети передачи данных, домофонии, внутренних сетей (СС)",Жильё;Образование;Здравоохранение;Спорт;Культура;Административные здания;ДОУ;Офисно-деловой центр
275,,False,,12.5.2.,4,Система охранной сигнализации (ОС),Жильё;Образование;Здравоохранение;Спорт;Культура;Административные здания;ДОУ;Офисно-деловой центр
276,,False,,12.5.2.,4,Система охранного телевидения (СОТ),Жильё;Образование;Здравоохранение;Спорт;Культура;Административные здания;ДОУ;Офисно-деловой центр
277,,False,,12.5.2.,4,Система контроля управления доступом (СКУД),Жильё;Образование;Здравоохранение;Спорт;Культура;Административные здания;ДОУ;Офисно-деловой центр
278,,False,,12.5.2.,4,Система автоматической установки пожарная сигнализация (АПС),Жильё;Образование;Здравоохранение;Спорт;Культура;Административные здания;ДОУ;Офисно-деловой центр
279,,False,,12.5.2.,4,Система оповещения и управления эвакуацией (СОУЭ),Жильё;Образование;Здравоохранение;Спорт;Культура;Административные здания;ДОУ;Офисно-деловой центр
280,,False,,12.5.2.,4,Система автоматики противопожарной защиты (АППЗ),Жильё;Образование;Здравоохранение;Спорт;Культура;Административные здания;ДОУ;Офисно-деловой центр
281,,False,,12.5.2.,4,Автоматизация инженерных систем,Жильё;Образование;Здравоохранение;Спорт;Культура;Административные здания;ДОУ;Офисно-деловой центр
282,,False,,12.5.2.,4,Монтаж автоматической установки газового пожаротушения (АУГП),Жильё;Образование;Здравоохранение;Спорт;Культура;Административные здания;ДОУ;Офисно-деловой центр
283,,False,,12.5.2.,4,Автоматическая установка водяного пожаротушения,Жильё;Образование;Здравоохранение;Спорт;Культура;Административные здания;ДОУ;Офисно-деловой центр
284,,True,"datetime.datetime(2025, 6, 12, 0, 0)",12.5.2.,4,Отделочные работы,Жильё;Образование;Здравоохранение;Спорт;Культура;Административные здания;ДОУ;Офисно-деловой центр;Дороги
285,12.6.1.,False,,,3,Внешняя отделка,Жильё;Образование;Здравоохранение;Спорт;Культура;Административные здания;ДОУ;Офисно-деловой центр;Дороги
286,,False,,12.6.1.,4,Черновая отделка,Жильё;Образование;Здравоохранение;Спорт;Культура;Административные здания;ДОУ;Офисно-деловой центр;Дороги
287,,False,,12.6.1.,4,Чистовая отделка,Жильё;Образование;Здравоохранение;Спорт;Культура;Административные здания;ДОУ;Офисно-деловой центр;Дороги
288,12.6.2.,False,,,3,Внутренняя отделка,Жильё;Образование;Здравоохранение;Спорт;Культура;Административные здания;ДОУ;Офисно-деловой центр;Дороги
289,,False,,12.6.2.,4,Черновая отделка,Жильё;Образование;Здравоохранение;Спорт;Культура;Административные здания;ДОУ;Офисно-деловой центр;Дороги
290,,False,,12.6.2.,4,Чистовая отделка,Жильё;Образование;Здравоохранение;Спорт;Культура;Административные здания;ДОУ;Офисно-деловой центр;Дороги
291,12.6.3.,False,,,3,Внутренняя отделка полов,Жильё;Образование;Здравоохранение;Спорт;Культура;Административные здания;ДОУ;Офисно-деловой центр
292,,False,,12.6.3.,4,Черновая отделка полов,Жильё;Образование;Здравоохранение;Спорт;Культура;Административные здания;ДОУ;Офисно-деловой центр
293,,False,,12.6.3.,4,Чистовая отделка полов,Жильё;Образование;Здравоохранение;Спорт;Культура;Административные здания;ДОУ;Офисно-деловой центр
294,12.6.4.,False,,,3,Внутренняя отделка стен,Жильё;Образование;Здравоохранение;Спорт;Культура;Административные здания;ДОУ;Офисно-деловой центр
295,,False,,12.6.4.,4,Черновая отделка стен,Жильё;Образование;Здравоохранение;Спорт;Культура;Административные здания;ДОУ;Офисно-деловой центр
296,,False,,12.6.4.,4,Чистовая отделка стен,Жильё;Образование;Здравоохранение;Спорт;Культура;Административные здания;ДОУ;Офисно-деловой центр
297,12.6.5.,False,,,3,Внутренняя отделка потолков,Жильё;Образование;Здравоохранение;Спорт;Культура;Административные здания;ДОУ;Офисно-деловой центр
298,,False,,12.6.5.,4,Черновая отделка потолков,Жильё;Образование;Здравоохранение;Спорт;Культура;Административные здания;ДОУ;Офисно-деловой центр
299,,False,,12.6.5.,4,Чистовая отделка потолков,Жильё;Образование;Здравоохранение;Спорт;Культура;Административные здания;ДОУ;Офисно-деловой центр
300,12.6.6.,False,,,3,Внутренняя отделка дверей,Жильё;Образование;Здравоохранение;Спорт;Культура;Административные здания;ДОУ;Офисно-деловой центр
301,,False,,12.6.6.,4,Монтаж внутренних дверей,Жильё;Образование;Здравоохранение;Спорт;Культура;Административные здания;ДОУ;Офисно-деловой центр
302,,False,,12.6.6.,4,Монтаж наружных дверей и ворот,Жильё;Образование;Здравоохранение;Спорт;Культура;Административные здания;ДОУ;Офисно-деловой центр
303,,False,,12.6.6.,4,Двери автоматические раздвижные светопрозрачные,Жильё;Образование;Здравоохранение;Спорт;Культура;Административные здания;ДОУ;Офисно-деловой центр
304,,False,,12.6.6.,4,Двери алюминиевые наружные,Жильё;Образование;Здравоохранение;Спорт;Культура;Административные здания;ДОУ;Офисно-деловой центр
305,,False,,12.6.6.,4,Двери алюминиевые внутренние,Жильё;Образование;Здравоохранение;Спорт;Культура;Административные здания;ДОУ;Офисно-деловой центр
306,,False,,12.6.6.,4,Двери металлические наружные,Жильё;Образование;Здравоохранение;Спорт;Культура;Административные здания;ДОУ;Офисно-деловой центр
307,,False,,12.6.6.,4,Двери металлические взломостойкие с решеткой,Жильё;Образование;Здравоохранение;Спорт;Культура;Административные здания;ДОУ;Офисно-деловой центр
308,,False,,12.6.6.,4,Двери металлические рентгенозащитные,Жильё;Образование;Здравоохранение;Спорт;Культура;Административные здания;ДОУ;Офисно-деловой центр
309,,False,,12.6.6.,4,Двери глухие ПВХ,Жильё;Образование;Здравоохранение;Спорт;Культура;Административные здания;ДОУ;Офисно-деловой центр
310,,False,,12.6.6.,4,Двери комбинированные,Жильё;Образование;Здравоохранение;Спорт;Культура;Административные здания;ДОУ;Офисно-деловой центр
311,,False,,12.6.6.,4,Перегородки душевых кабинок из матового стекла,Жильё;Образование;Здравоохранение;Спорт;Культура;Административные здания;ДОУ;Офисно-деловой центр
312,,False,,12.6.6.,4,Сантехнические перегородки из HPL пластика,Жильё;Образование;Здравоохранение;Спорт;Культура;Административные здания;ДОУ;Офисно-деловой центр
313,,False,,12.6.6.,4,Трансформируемые перегородки,Жильё;Образование;Здравоохранение;Спорт;Культура;Административные здания;ДОУ;Офисно-деловой центр
314,,False,,12.6.6.,4,Люки,Жильё;Образование;Здравоохранение;Спорт;Культура;Административные здания;ДОУ;Офисно-деловой центр
315,,False,,12.6.6.,4,Люки герметические (кровля),Жильё;Образование;Здравоохранение;Спорт;Культура;Административные здания;ДОУ;Офисно-деловой центр
316,12.6.7.,False,,,3,Внутренняя отделка (технические помещения),Жильё;Образование;Здравоохранение;Спорт;Культура;Административные здания;ДОУ;Офисно-деловой центр;Дороги
317,,False,,12.6.7.,4,Черновая отделка,Жильё;Образование;Здравоохранение;Спорт;Культура;Административные здания;ДОУ;Офисно-деловой центр;Дороги
318,,False,,12.6.7.,4,Чистовая отделка,Жильё;Образование;Здравоохранение;Спорт;Культура;Административные здания;ДОУ;Офисно-деловой центр;Дороги
319,12.6.8.,False,,,3,Внутренняя отделка (пассажирские зоны),Жильё;Образование;Здравоохранение;Спорт;Культура;Административные здания;ДОУ;Офисно-деловой центр;Дороги
320,,False,,12.6.8.,4,Черновая отделка,Жильё;Образование;Здравоохранение;Спорт;Культура;Административные здания;ДОУ;Офисно-деловой центр;Дороги
321,,False,,12.6.8.,4,Чистовая отделка,Жильё;Образование;Здравоохранение;Спорт;Культура;Административные здания;ДОУ;Офисно-деловой центр;Дороги
322,12.6.9.,False,,,3,Монтаж вертикального транспорта,Жильё;Образование;Здравоохранение;Спорт;Культура;Административные здания;ДОУ;Офисно-деловой центр;Дороги
323,12.6.10.,False,,,3,Монтаж оборудования по ТХЗ,Жильё;Образование;Здравоохранение;Спорт;Культура;Административные здания;ДОУ;Офисно-деловой центр;Дороги
324,12.6.11.,False,,,3,Монтаж мебели,Здравоохранение;Дороги
325,,False,,12.6.11.,4,Медицинская мебель (с учетом установки и распаковки) (не облагаемая НДС),Здравоохранение
326,,False,,12.6.11.,4,Медицинская мебель (с учетом установки и распаковки),Здравоохранение
327,,False,,12.6.11.,4,Мебель общего назначения (с учетом установки и распаковки),Здравоохранение
328,12.6.12.,False,,,3,Монтаж эскалаторов,Образование;Здравоохранение;Культура;Административные здания;ДОУ;Офисно-деловой центр;Дороги
329,12.6.13.,False,,,3,Монтаж оборудования,Здравоохранение
330,12.6.13.1.,False,,,4,Монтируемое оборудование,Здравоохранение
331,,False,,12.6.13.1.,5,"Медицинское оборудование, с учетом монтажа",Здравоохранение
332,,False,,12.6.13.1.,5,"Медицинское оборудование, с учетом монтажа (не облагаемое НДС)",Здравоохранение
333,,False,,12.6.13.1.,5,"Офисное оборудование, с учетом монтажа",Здравоохранение
334,,False,,12.6.13.1.,5,"Оборудование и мебель конференц-зала, с учетом монтажа",Здравоохранение
335,,False,,12.6.13.1.,5,"Электро- и бытовая техника, с учетом монтажа",Здравоохранение
336,,False,,12.6.13.1.,5,"Хозяйственный инвентарь, с учетом монтажа",Здравоохранение
337,,False,,12.6.13.1.,5,"Периметр безопасности, с учетом монтажа",Здравоохранение
338,,False,,12.6.13.1.,5,"Спортивно-технологическое оборудование и спортивный инвентарь, с учетом монтажа",Здравоохранение
339,,False,,12.6.13.1.,5,"Учебное оборудование, с учетом монтажа",Здравоохранение
340,,False,,12.6.13.1.,5,"Учебное оборудование, с учетом монтажа (не облагаемое НДС)",Здравоохранение
341,,False,,12.6.13.1.,5,"Компьютеры и программное обеспечение, с учетом монтажа",Здравоохранение
342,,False,,12.6.13.1.,5,"Занавески, жалюзи и прочие предметы обстановки, с учетом монтажа",Здравоохранение
343,,False,,12.6.13.1.,5,"Кухонное оборудование и инвентарь, с учетом монтажа",Здравоохранение
344,,False,,12.6.13.1.,5,"Музыкальные инструменты и оборудование для залов, с учетом монтажа",Здравоохранение
345,,False,,12.6.13.1.,5,"Театральное оборудование, оборудование сцены (с учетом монтажа)",Здравоохранение
346,,False,,12.6.13.1.,5,"Светотехническое оборудование, с учетом монтажа",Здравоохранение
347,,False,,12.6.13.1.,5,"Торгово-технологическое оборудование, с учетом монтажа",Здравоохранение
348,12.6.13.2.,False,,,4,Немонтируемое оборудование,Здравоохранение
349,,False,,12.6.13.2.,5,"Инструмент медицинский, расходные материалы (не облагаемое НДС)",Здравоохранение
350,,False,,12.6.13.2.,5,"Инструмент медицинский, расходные материалы",Здравоохранение
351,,False,,12.6.13.2.,5,Хозяйственный инвентарь,Здравоохранение
352,,True,"datetime.datetime(2025, 7, 12, 0, 0)",12.6.13.2.,5,Благоустройство территории,Жильё;Образование;Здравоохранение;Спорт;Культура;Административные здания;ДОУ;Офисно-деловой центр;Дороги
353,12.7.1.,False,,,3,Устройство проездов и тротуаров,Жильё;Образование;Здравоохранение;Спорт;Культура;Административные здания;ДОУ;Офисно-деловой центр;Дороги
354,,False,,12.7.1.,4,"Устройство асфальтобетонного покрытия проездов, тротуаров, площадок с установкой бортового камня",Жильё;Образование;Здравоохранение;Спорт;Культура;Административные здания;ДОУ;Офисно-деловой центр
355,,False,,12.7.1.,4,Устройство покрытий из тротуарной плитки с установкой бортового камня,Жильё;Образование;Здравоохранение;Спорт;Культура;Административные здания;ДОУ;Офисно-деловой центр
356,,False,,12.7.1.,4,Устройство бетонных покрытий (отмостка),Жильё;Образование;Здравоохранение;Спорт;Культура;Административные здания;ДОУ;Офисно-деловой центр
357,,False,,12.7.1.,4,Устройство площадок с покрытием из резиновой крошки,Жильё;Образование;Здравоохранение;Спорт;Культура;Административные здания;ДОУ;Офисно-деловой центр
358,,False,,12.7.1.,4,Установка водоотводных лотков,Жильё;Образование;Здравоохранение;Спорт;Культура;Административные здания;ДОУ;Офисно-деловой центр
359,,False,,12.7.1.,4,Устройство подпорных стен,Жильё;Образование;Здравоохранение;Спорт;Культура;Административные здания;ДОУ;Офисно-деловой центр
360,,False,,12.7.1.,4,"Обустройство дорог: установка знаков, нанесение разметки",Жильё;Образование;Здравоохранение;Спорт;Культура;Административные здания;ДОУ;Офисно-деловой центр
361,12.7.2.,False,,,3,Озеленение,Жильё;Образование;Здравоохранение;Спорт;Культура;Административные здания;ДОУ;Офисно-деловой центр;Дороги
362,,False,,12.7.2.,4,Устройство газона рулонного,Жильё;Образование;Здравоохранение;Спорт;Культура;Административные здания;ДОУ;Офисно-деловой центр
363,,False,,12.7.2.,4,Устройство газона посевного,Жильё;Образование;Здравоохранение;Спорт;Культура;Административные здания;ДОУ;Офисно-деловой центр
364,,False,,12.7.2.,4,Устройство цветников,Жильё;Образование;Здравоохранение;Спорт;Культура;Административные здания;ДОУ;Офисно-деловой центр
365,,False,,12.7.2.,4,Посадка деревьев,Жильё;Образование;Здравоохранение;Спорт;Культура;Административные здания;ДОУ;Офисно-деловой центр
366,,False,,12.7.2.,4,Посадка кустарников,Жильё;Образование;Здравоохранение;Спорт;Культура;Административные здания;ДОУ;Офисно-деловой центр
367,12.7.3.,False,,,3,Установка МАФов,Жильё;Образование;Здравоохранение;Спорт;Культура;Административные здания;ДОУ;Офисно-деловой центр;Дороги
368,12.7.4.,False,,,3,Вертикальная планировка,Жильё;Образование;Здравоохранение;Спорт;Культура;Административные здания;ДОУ;Офисно-деловой центр;Дороги
369,,False,,12.7.4.,4,Устройство насыпи,Жильё;Образование;Здравоохранение;Спорт;Культура;Административные здания;ДОУ;Офисно-деловой центр
370,,False,,12.7.4.,4,Устройство выемки,Жильё;Образование;Здравоохранение;Спорт;Культура;Административные здания;ДОУ;Офисно-деловой центр
371,12.7.5.,False,,,3,Посадка зеленых насаждений,Жильё;Образование;Здравоохранение;Спорт;Культура;Административные здания;ДОУ;Офисно-деловой центр;Дороги
372,12.7.6.,False,,,3,Ограждение территории,Жильё;Образование;Здравоохранение;Спорт;Культура;Административные здания;ДОУ;Офисно-деловой центр
373,,False,,12.7.6.,4,"Ограждение территории, в т.ч. ворота, калитки, шлагбаумы",Жильё;Образование;Здравоохранение;Спорт;Культура;Административные здания;ДОУ;Офисно-деловой центр
374,,False,,12.7.6.,4,Ограждение спортивной площадки,Жильё;Образование;Здравоохранение;Спорт;Культура;Административные здания;ДОУ;Офисно-деловой центр
375,12.7.7.,False,,,3,Устройство пешеходных зон и тротуаров,Образование;Здравоохранение;Спорт;Культура;Административные здания;ДОУ;Офисно-деловой центр;Дороги
376,,False,,12.7.7.,4,Наружное освещение,Образование;Здравоохранение;Спорт;Культура;Административные здания;ДОУ;Офисно-деловой центр;Дороги
377,,False,,12.7.7.,4,Прокладка кабеля,Дороги
378,,False,,12.7.7.,4,Устройство фундаментов опор,Дороги
379,,False,,12.7.7.,4,Установка опор,Дороги
380,,False,,12.7.7.,4,Архитектурно-художественная подсветка здания,Жильё;Образование;Здравоохранение;Спорт;Культура;Административные здания;ДОУ;Офисно-деловой центр;Дороги
